{
  "VGG_A": {
    "n_params": 9750922,
    "train_loss": [
      1.7590498488616944,
      1.245756475791931,
      0.9514644300460815,
      0.7767785983848572,
      0.659156969203949,
      0.5481721028041839,
      0.4635837407875061,
      0.37962762628555297,
      0.3183717349243164,
      0.26309512845993044,
      0.22479428514003755,
      0.19734801476478578,
      0.16648677489757538,
      0.14535123421669005,
      0.12760187893867492,
      0.1229866301727295,
      0.10599738265037537,
      0.10270479066610336,
      0.09545050263166428,
      0.09096009623289109
    ],
    "train_acc": [
      0.31558,
      0.54604,
      0.66184,
      0.72966,
      0.77294,
      0.8103,
      0.83802,
      0.86808,
      0.89036,
      0.91058,
      0.92386,
      0.93274,
      0.94464,
      0.95232,
      0.95766,
      0.95886,
      0.9648,
      0.96592,
      0.9691,
      0.97064
    ],
    "val_acc": [
      0.4618,
      0.6064,
      0.6876,
      0.6949,
      0.7315,
      0.7375,
      0.7432,
      0.7431,
      0.7521,
      0.7552,
      0.7587,
      0.7542,
      0.7646,
      0.7584,
      0.76,
      0.7649,
      0.7408,
      0.7648,
      0.7562,
      0.7608
    ],
    "best_val_acc": 0.7649
  },
  "VGG_A_BatchNorm": {
    "n_params": 9758474,
    "train_loss": [
      1.2488966464424134,
      0.8040438670349122,
      0.6198544180679322,
      0.494344134054184,
      0.39580636905670163,
      0.311687599773407,
      0.2448080173444748,
      0.1857025665783882,
      0.14361379814624786,
      0.12403557540178299,
      0.09287318495035171,
      0.08719006802797317,
      0.0717212948834896,
      0.06710234496474266,
      0.059775594055652616,
      0.05633415607690811,
      0.05228675086021423,
      0.051572191358804705,
      0.044366198705434796,
      0.042131460117697715
    ],
    "train_acc": [
      0.54432,
      0.71806,
      0.7863,
      0.82872,
      0.8638,
      0.89162,
      0.91588,
      0.93608,
      0.95004,
      0.9568,
      0.96806,
      0.96898,
      0.9741,
      0.97724,
      0.97926,
      0.98056,
      0.98252,
      0.9824,
      0.98468,
      0.98612
    ],
    "val_acc": [
      0.6387,
      0.7202,
      0.7718,
      0.7863,
      0.7682,
      0.787,
      0.8102,
      0.8127,
      0.8116,
      0.8098,
      0.8122,
      0.8002,
      0.8228,
      0.8031,
      0.8178,
      0.8161,
      0.8118,
      0.8263,
      0.8201,
      0.819
    ],
    "best_val_acc": 0.8263
  }
}